Query Id,Query,Query Category,System Output,Remarks
Q1,Why do escalation_or_complaint cases happen?,Task1,"{""session_id"": ""sess_escalation"", ""outcome"": ""escalation_or_complaint"", ""causal_explanation"": {""summary"": ""Detected 0 causal factors for outcome 'escalation_or_complaint'."", ""factors"": []}, ""retrieved_call_ids"": [], ""faithfulness_note"": ""All factors include message-level evidence (call_id + turn_id + text).""}",Auto-generated
Q2,Show evidence for escalation_or_complaint factors.,Task2 Follow-up,"{""session_id"": ""sess_escalation"", ""outcome"": ""escalation_or_complaint"", ""answer"": ""Evidence used in the previous explanation."", ""factors"": []}",Auto-generated
Q3,Which factor contributed the most to escalation_or_complaint?,Task2 Follow-up,"{""session_id"": ""sess_escalation"", ""outcome"": ""escalation_or_complaint"", ""answer"": ""Factors ranked by evidence count within the same analysis context."", ""factors_ranked"": []}",Auto-generated
Q4,Why do delivery_issue cases happen?,Task1,"{""session_id"": ""sess_delivery"", ""outcome"": ""delivery_issue"", ""causal_explanation"": {""summary"": ""Detected 0 causal factors for outcome 'delivery_issue'."", ""factors"": []}, ""retrieved_call_ids"": [""6794-8660-4606-3216""], ""faithfulness_note"": ""All factors include message-level evidence (call_id + turn_id + text).""}",Auto-generated
Q5,Show evidence for delivery_issue cases.,Task2 Follow-up,"{""session_id"": ""sess_delivery"", ""outcome"": ""delivery_issue"", ""answer"": ""Evidence used in the previous explanation."", ""factors"": []}",Auto-generated
Q6,Why do system_outage cases happen?,Task1,"{""session_id"": ""sess_outage"", ""outcome"": ""system_outage"", ""causal_explanation"": {""summary"": ""Detected 0 causal factors for outcome 'system_outage'."", ""factors"": []}, ""retrieved_call_ids"": [], ""faithfulness_note"": ""All factors include message-level evidence (call_id + turn_id + text).""}",Auto-generated
Q7,Show evidence for system_outage factors.,Task2 Follow-up,"{""session_id"": ""sess_outage"", ""outcome"": ""system_outage"", ""answer"": ""Evidence used in the previous explanation."", ""factors"": []}",Auto-generated
Q8,Why do claim_denial cases happen?,Task1,"{""session_id"": ""sess_claim"", ""outcome"": ""claim_denial"", ""causal_explanation"": {""summary"": ""Detected 0 causal factors for outcome 'claim_denial'."", ""factors"": []}, ""retrieved_call_ids"": [], ""faithfulness_note"": ""All factors include message-level evidence (call_id + turn_id + text).""}",Auto-generated
Q9,Show evidence for claim_denial factors.,Task2 Follow-up,"{""session_id"": ""sess_claim"", ""outcome"": ""claim_denial"", ""answer"": ""Evidence used in the previous explanation."", ""factors"": []}",Auto-generated
