Query Id,Query,Query Category,System Output,Remarks 
Q1,Why do escalation_or_complaint cases happen?,Task1,, 
Q2,Show evidence for escalation_or_complaint factors.,Task2 Follow-up,, 
Q3,Which factor contributed the most to escalation_or_complaint?,Task2 Follow-up,, 
Q4,Why do delivery_issue cases happen?,Task1,, 
Q5,Show evidence for delivery_issue cases.,Task2 Follow-up,, 
Q6,Why do system_outage cases happen?,Task1,, 
Q7,Show evidence for system_outage factors.,Task2 Follow-up,, 
Q8,Why do claim_denial cases happen?,Task1,, 
Q9,Show evidence for claim_denial factors.,Task2 Follow-up,,